Disease,Description
Phản ứng thuốc,Phản ứng có hại của thuốc (ADR) là một tổn thương do dùng thuốc. ADR có thể xảy ra sau khi dùng một liều duy nhất hoặc dùng thuốc kéo dài hoặc do kết hợp hai hoặc nhiều loại thuốc.
Sốt rét,"Một bệnh truyền nhiễm do ký sinh trùng đơn bào thuộc họ Plasmodium gây ra, có thể lây truyền qua vết đốt của muỗi Anopheles hoặc do kim tiêm hoặc truyền máu bị ô nhiễm. Sốt rét Falciparum là loại nguy hiểm nhất."
Dị ứng,"Dị ứng là phản ứng của hệ thống miễn dịch đối với một chất lạ thường không gây hại cho cơ thể bạn. Chúng có thể bao gồm một số loại thực phẩm, phấn hoa hoặc lông thú cưng. Công việc của hệ thống miễn dịch là giữ cho bạn khỏe mạnh bằng cách chống lại các mầm bệnh có hại."
Suy giáp,"Suy giáp, còn gọi là tuyến giáp hoạt động kém hoặc tuyến giáp thấp, là một rối loạn của hệ thống nội tiết trong đó tuyến giáp không sản xuất đủ hormone tuyến giáp."
Bệnh vẩy nến,"Bệnh vẩy nến là một chứng rối loạn da phổ biến tạo thành các mảng dày, đỏ, gập ghềnh được bao phủ bởi vảy bạc. Chúng có thể nổi lên ở bất cứ đâu nhưng hầu hết xuất hiện ở da đầu, khuỷu tay, đầu gối và lưng dưới. Bệnh vẩy nến không thể truyền từ người này sang người khác. Nó đôi khi xảy ra ở các thành viên trong cùng một gia đình."
bệnh trào ngược dạ dày thực quản,"Bệnh trào ngược dạ dày thực quản, hay GERD, là một rối loạn tiêu hóa ảnh hưởng đến cơ vòng thực quản dưới (LES), vòng cơ giữa thực quản và dạ dày. Nhiều người, kể cả phụ nữ mang thai, bị ợ chua hoặc khó tiêu do trào ngược dạ dày thực quản."
Ứ mật mãn tính,"Bệnh ứ mật mãn tính, dù xảy ra ở trẻ sơ sinh, trẻ nhỏ hay trưởng thành, được đặc trưng bởi sự vận chuyển axit mật từ gan đến ruột bị suy giảm, nguyên nhân là do tổn thương nguyên phát ở biểu mô đường mật trong hầu hết các trường hợp."
viêm gan A,Viêm gan A là một bệnh nhiễm trùng gan rất dễ lây lan do virus viêm gan A gây ra. Virus này là một trong một số loại virus viêm gan gây viêm và ảnh hưởng đến khả năng hoạt động của gan.
Viêm xương khớp,"Viêm xương khớp là dạng viêm khớp phổ biến nhất, ảnh hưởng đến hàng triệu người trên toàn thế giới. Nó xảy ra khi sụn bảo vệ đệm các đầu xương của bạn bị mòn theo thời gian."
(Chóng mặt) Chóng mặt tư thế kịch phát,Chứng chóng mặt tư thế kịch phát lành tính (BPPV) là một trong những nguyên nhân phổ biến nhất gây chóng mặt - cảm giác đột ngột như bạn đang quay hoặc bên trong đầu bạn đang quay. Chứng chóng mặt tư thế kịch phát lành tính gây ra những cơn chóng mặt nhẹ đến dữ dội trong thời gian ngắn.
Hạ đường huyết,Hạ đường huyết là tình trạng lượng đường trong máu (glucose) của bạn thấp hơn bình thường. Glucose là nguồn năng lượng chính của cơ thể bạn. Hạ đường huyết thường liên quan đến điều trị bệnh tiểu đường. Nhưng các loại thuốc khác và nhiều tình trạng khác - nhiều trường hợp hiếm gặp - có thể gây ra lượng đường trong máu thấp ở những người không mắc bệnh tiểu đường.
Mụn trứng cá,"Mụn trứng cá thông thường là sự hình thành các mụn trứng cá, mụn sẩn, mụn mủ, nốt sần và/hoặc u nang do tắc nghẽn và viêm các đơn vị tuyến bã nhờn (nang lông và tuyến bã đi kèm). Mụn phát triển ở mặt và thân trên. Nó thường ảnh hưởng đến thanh thiếu niên."
Bệnh tiểu đường,"Bệnh tiểu đường là một căn bệnh xảy ra khi lượng đường trong máu của bạn, còn gọi là lượng đường trong máu, quá cao. Đường huyết là nguồn năng lượng chính của bạn và đến từ thực phẩm bạn ăn. Insulin, một loại hormone do tuyến tụy tạo ra, giúp glucose từ thức ăn đi vào tế bào của bạn để sử dụng làm năng lượng."
bệnh chốc lở,"Bệnh chốc lở (im-puh-TIE-go) là một bệnh nhiễm trùng da phổ biến và rất dễ lây lan, chủ yếu ảnh hưởng đến trẻ sơ sinh và trẻ nhỏ. Bệnh chốc lở thường xuất hiện dưới dạng vết loét đỏ trên mặt, đặc biệt là quanh mũi, miệng và ở tay và chân của trẻ. Các vết loét vỡ ra và phát triển lớp vỏ màu mật ong."
tăng huyết áp,"Tăng huyết áp (HTN hoặc HT), còn được gọi là huyết áp cao (HBP), là một tình trạng bệnh lý lâu dài trong đó huyết áp trong động mạch tăng cao liên tục. Huyết áp cao thường không gây ra triệu chứng."
Bệnh loét dạ dày tá tràng,"Bệnh loét dạ dày tá tràng (PUD) là tình trạng tổn thương lớp niêm mạc bên trong dạ dày, phần đầu của ruột non hoặc đôi khi là phần dưới thực quản. Vết loét ở dạ dày được gọi là loét dạ dày, còn vết loét ở phần đầu của ruột được gọi là loét tá tràng."
Bệnh trĩ lưỡng hình (cọc),"Bệnh trĩ, hay còn gọi là bệnh trĩ, là những cấu trúc mạch máu trong ống hậu môn. Trong họ ... Tên gọi khác là Bệnh trĩ, trĩ, bệnh trĩ."
Cảm lạnh thông thường,"Cảm lạnh thông thường là tình trạng nhiễm virus ở mũi và cổ họng (đường hô hấp trên). Nó thường vô hại, mặc dù bạn có thể không cảm thấy như vậy. Nhiều loại virus có thể gây cảm lạnh thông thường."
Thủy đậu,"Thủy đậu là một bệnh truyền nhiễm cấp tính do virus varicella-zoster (VZV) gây ra. Nó có thể gây phát ban ngứa, giống như mụn nước. Phát ban đầu tiên xuất hiện ở ngực, lưng và mặt, sau đó lan ra toàn bộ cơ thể, gây ra khoảng 250 đến 500 mụn nước ngứa."
Thoái hóa đốt sống cổ,"Thoái hóa đốt sống cổ là một thuật ngữ chung để chỉ sự hao mòn liên quan đến tuổi tác ảnh hưởng đến các đĩa đệm cột sống ở cổ của bạn. Khi các đĩa đệm mất nước và co lại, các dấu hiệu viêm xương khớp sẽ phát triển, bao gồm cả các gai xương nhô ra dọc theo mép xương (gai xương)."
Bệnh cường giáp,"Bệnh cường giáp (tuyến giáp hoạt động quá mức) xảy ra khi tuyến giáp của bạn sản xuất quá nhiều hormone thyroxine. Bệnh cường giáp có thể đẩy nhanh quá trình trao đổi chất của cơ thể, gây giảm cân không chủ ý và nhịp tim nhanh hoặc không đều."
Nhiễm trùng đường tiết niệu,"Nhiễm trùng đường tiết niệu: Nhiễm trùng thận, niệu quản, bàng quang hoặc niệu đạo. UTI viết tắt. Không phải tất cả mọi người bị nhiễm trùng tiểu đều có triệu chứng, nhưng các triệu chứng phổ biến bao gồm buồn tiểu thường xuyên và đau hoặc rát khi đi tiểu."
Giãn tĩnh mạch,"Tĩnh mạch sưng lên và xoắn lại, thường xuất hiện dưới dạng mạch máu phồng lên, màu xanh lam có thể nhìn thấy rõ qua da. Giãn tĩnh mạch thường gặp nhất ở người lớn tuổi, đặc biệt là phụ nữ và đặc biệt xảy ra ở chân."
AIDS,"Hội chứng suy giảm miễn dịch mắc phải (AIDS) là một tình trạng mãn tính, có khả năng đe dọa tính mạng do virus gây suy giảm miễn dịch ở người (HIV) gây ra. Bằng cách làm tổn hại hệ thống miễn dịch của bạn, HIV cản trở khả năng chống lại nhiễm trùng và bệnh tật của cơ thể bạn."
Liệt (xuất huyết não),"Xuất huyết nội sọ (ICH) là khi máu đột ngột tràn vào mô não, gây tổn thương não. Các triệu chứng thường xuất hiện đột ngột trong ICH. Chúng bao gồm đau đầu, suy nhược, lú lẫn và tê liệt, đặc biệt là ở một bên cơ thể."
bệnh thương hàn,"Một căn bệnh cấp tính đặc trưng bởi sốt do nhiễm vi khuẩn Salmonella typhi. Bệnh thương hàn khởi phát âm thầm với các biểu hiện sốt, nhức đầu, táo bón, khó chịu, ớn lạnh và đau cơ. Tiêu chảy ít gặp và nôn mửa thường không nghiêm trọng."
Viêm gan B,"Viêm gan B là một bệnh nhiễm trùng ở gan của bạn. Nó có thể gây sẹo nội tạng, suy gan và ung thư. Nó có thể gây tử vong nếu không được điều trị. Nó lây lan khi mọi người tiếp xúc với máu, vết loét hở hoặc dịch cơ thể của người nhiễm vi-rút viêm gan B."
Nhiễm trùng nấm,"Ở người, nhiễm nấm xảy ra khi một loại nấm xâm nhập chiếm một khu vực của cơ thể và khiến hệ thống miễn dịch không thể xử lý được. Nấm có thể sống trong không khí, đất, nước và thực vật. Ngoài ra còn có một số loại nấm sống tự nhiên trong cơ thể con người. Giống như nhiều loại vi khuẩn, có loại nấm hữu ích và loại nấm có hại."
Viêm gan C,"Viêm gan do virus viêm gan C (HCV), thường lây lan qua truyền máu (hiếm), chạy thận nhân tạo và kim tiêm. Tổn thương do viêm gan C gây ra cho gan có thể dẫn đến xơ gan và các biến chứng cũng như ung thư."
chứng đau nửa đầu,"Chứng đau nửa đầu có thể gây ra cơn đau nhói dữ dội hoặc cảm giác như mạch đập, thường ở một bên đầu. Nó thường đi kèm với buồn nôn, nôn mửa và cực kỳ nhạy cảm với ánh sáng và âm thanh. Các cơn đau nửa đầu có thể kéo dài hàng giờ đến vài ngày và cơn đau có thể nghiêm trọng đến mức cản trở các hoạt động hàng ngày của bạn."
Hen phế quản,"Hen phế quản là một tình trạng bệnh lý khiến đường dẫn khí của phổi sưng lên và thu hẹp. Do tình trạng sưng tấy này, đường dẫn khí tạo ra nhiều chất nhầy khiến bạn khó thở, dẫn đến ho, thở ngắn và thở khò khè. Căn bệnh này diễn ra mãn tính và gây trở ngại cho công việc hàng ngày."
Viêm gan do rượu,"Viêm gan do rượu là tình trạng bệnh viêm gan do uống nhiều rượu trong thời gian dài. Nó cũng trở nên trầm trọng hơn khi uống rượu say và sử dụng rượu liên tục. Nếu bạn phát triển tình trạng này, bạn phải ngừng uống rượu"
vàng da,"Da và củng mạc (lòng trắng của mắt) có màu vàng do nồng độ sắc tố mật bilirubin trong máu cao bất thường. Màu vàng lan sang các mô và dịch cơ thể khác. Bệnh vàng da từng được gọi là ""morbus regius"" (căn bệnh vương giả) với niềm tin rằng chỉ có sự chạm vào của một vị vua mới có thể chữa khỏi bệnh."
Viêm gan E,Một dạng viêm gan hiếm gặp do nhiễm vi-rút viêm gan E (HEV). Nó lây truyền qua thực phẩm hoặc đồ uống do người bị nhiễm bệnh xử lý hoặc qua nguồn nước bị nhiễm bệnh ở những khu vực mà phân có thể xâm nhập vào nước. Viêm gan E không gây ra bệnh gan mãn tính.
Sốt xuất huyết,"một bệnh truyền nhiễm cấp tính do flavivirus (loài virus sốt xuất huyết thuộc chi Flavivirus) lây truyền qua muỗi Aedes và có đặc điểm là đau đầu, đau khớp dữ dội và phát ban. - còn gọi là sốt gãy xương, sốt xuất huyết."
Viêm gan D,"Viêm gan D, còn được gọi là virus viêm gan delta, là một bệnh nhiễm trùng khiến gan bị viêm. Tình trạng sưng tấy này có thể làm suy giảm chức năng gan và gây ra các vấn đề về gan lâu dài, bao gồm sẹo gan và ung thư. Tình trạng này do virus viêm gan D (HDV) gây ra."
Đau tim,"Cơ tim chết do mất nguồn cung cấp máu. Việc mất nguồn cung cấp máu thường do tắc nghẽn hoàn toàn động mạch vành, một trong những động mạch cung cấp máu cho cơ tim."
Viêm phổi,"Viêm phổi là tình trạng nhiễm trùng ở một hoặc cả hai phổi. Vi khuẩn, vi rút và nấm gây ra nó. Nhiễm trùng gây viêm túi khí trong phổi, được gọi là phế nang. Các phế nang chứa đầy chất lỏng hoặc mủ, gây khó thở."
Viêm khớp,"Viêm khớp là tình trạng sưng và đau ở một hoặc nhiều khớp của bạn. Các triệu chứng chính của viêm khớp là đau khớp và cứng khớp, thường trầm trọng hơn theo tuổi tác. Các loại viêm khớp phổ biến nhất là viêm xương khớp và viêm khớp dạng thấp."
Viêm dạ dày ruột,"Viêm dạ dày ruột là tình trạng viêm đường tiêu hóa, đặc biệt là dạ dày, ruột già và ruột non. Viêm dạ dày ruột do vi rút và vi khuẩn là bệnh nhiễm trùng đường ruột liên quan đến các triệu chứng tiêu chảy, đau bụng, buồn nôn và nôn."
bệnh lao,"Bệnh lao (TB) là một bệnh truyền nhiễm thường do vi khuẩn Mycobacteria bệnh lao (MTB) gây ra. Bệnh lao thường ảnh hưởng đến phổi nhưng cũng có thể ảnh hưởng đến các bộ phận khác của cơ thể. Hầu hết các bệnh nhiễm trùng đều không có triệu chứng, trong trường hợp đó được gọi là bệnh lao tiềm ẩn."
